"cc","firm","produce","sales_in","sales_out","year","month"
"50CC","SYM",10380,0,10380,2021,4
"90CC","SYM",0,0,0,2021,4
"100CC","SYM",917,867,0,2021,4
"110CC","SYM",3664,3586,240,2021,4
"125CC","SYM",11250,10019,1753,2021,4
"150CC","SYM",4670,1314,3300,2021,4
"250CC","SYM",159,1,89,2021,4
"50CC","SUZUKI",0,0,96,2021,4
"100CC","SUZUKI",0,0,0,2021,4
"125CC","SUZUKI",1410,1026,384,2021,4
"90CC","SUZUKI",122,0,123,2021,4
"250CC","SUZUKI",0,0,0,2021,4
"50CC","YAMAHA",816,0,1080,2021,4
"100CC","YAMAHA",0,0,0,2021,4
"125CC","YAMAHA",14434,12355,2216,2021,4
"150CC","YAMAHA",2038,1760,350,2021,4
"50CC","KYMCO",3416,0,153,2021,4
"100CC","KYMCO",4762,1877,359,2021,4
"110CC","KYMCO",2360,2516,0,2021,4
"125CC","KYMCO",12855,12874,4753,2021,4
"150CC","KYMCO",5810,2593,2364,2021,4
"250CC","KYMCO",2007,0,2632,2021,4
"90CC","KYMCO",615,0,0,2021,4
"50CC","PGO",441,0,637,2021,4
"100CC","PGO",0,0,0,2021,4
"110CC","PGO",0,0,0,2021,4
"125CC","PGO",1517,1277,102,2021,4
"150CC","PGO",159,63,100,2021,4
"50CC","SYM",4620,0,4620,2021,3
"90CC","SYM",0,0,0,2021,3
"100CC","SYM",1200,1198,0,2021,3
"110CC","SYM",2764,2437,120,2021,3
"125CC","SYM",15202,13408,413,2021,3
"150CC","SYM",7029,1636,5280,2021,3
"250CC","SYM",182,1,351,2021,3
"50CC","SUZUKI",90,0,120,2021,3
"100CC","SUZUKI",0,0,0,2021,3
"125CC","SUZUKI",1850,1301,456,2021,3
"90CC","SUZUKI",120,0,210,2021,3
"250CC","SUZUKI",0,0,0,2021,3
"50CC","YAMAHA",936,0,936,2021,3
"100CC","YAMAHA",0,0,0,2021,3
"125CC","YAMAHA",18225,16240,1983,2021,3
"150CC","YAMAHA",2702,2360,342,2021,3
"50CC","KYMCO",1611,0,4226,2021,3
"100CC","KYMCO",4799,4220,1370,2021,3
"110CC","KYMCO",3250,3395,0,2021,3
"125CC","KYMCO",19522,15165,5406,2021,3
"150CC","KYMCO",6269,3579,2842,2021,3
"250CC","KYMCO",4056,0,3282,2021,3
"90CC","KYMCO",0,0,0,2021,3
"50CC","PGO",638,0,406,2021,3
"100CC","PGO",0,0,0,2021,3
"110CC","PGO",0,0,0,2021,3
"125CC","PGO",1497,1411,108,2021,3
"150CC","PGO",183,77,103,2021,3
"50CC","SYM",960,0,960,2021,2
"90CC","SYM",0,0,0,2021,2
"100CC","SYM",0,5,0,2021,2
"110CC","SYM",4375,4581,0,2021,2
"125CC","SYM",10507,9208,1130,2021,2
"150CC","SYM",3810,753,3060,2021,2
"250CC","SYM",392,2,236,2021,2
"50CC","SUZUKI",120,0,36,2021,2
"100CC","SUZUKI",0,0,0,2021,2
"125CC","SUZUKI",690,717,288,2021,2
"90CC","SUZUKI",120,0,64,2021,2
"250CC","SUZUKI",0,0,0,2021,2
"50CC","YAMAHA",456,0,456,2021,2
"100CC","YAMAHA",0,0,0,2021,2
"125CC","YAMAHA",16080,13801,2279,2021,2
"150CC","YAMAHA",2482,2040,442,2021,2
"50CC","KYMCO",1961,0,1542,2021,2
"100CC","KYMCO",4988,3994,323,2021,2
"110CC","KYMCO",2550,2281,0,2021,2
"125CC","KYMCO",13977,10155,4616,2021,2
"150CC","KYMCO",3832,1783,1535,2021,2
"250CC","KYMCO",1028,0,1100,2021,2
"90CC","KYMCO",0,0,0,2021,2
"50CC","PGO",872,0,1098,2021,2
"100CC","PGO",0,0,0,2021,2
"110CC","PGO",0,0,0,2021,2
"125CC","PGO",1307,1060,163,2021,2
"150CC","PGO",152,60,100,2021,2
"50CC","SYM",1920,0,1920,2021,1
"90CC","SYM",0,0,0,2021,1
"100CC","SYM",400,394,0,2021,1
"110CC","SYM",6625,6358,0,2021,1
"125CC","SYM",20087,19010,630,2021,1
"150CC","SYM",4031,1147,2880,2021,1
"250CC","SYM",192,0,166,2021,1
"50CC","SUZUKI",60,0,0,2021,1
"100CC","SUZUKI",0,0,0,2021,1
"125CC","SUZUKI",1530,1125,240,2021,1
"90CC","SUZUKI",30,0,0,2021,1
"250CC","SUZUKI",0,0,0,2021,1
"50CC","YAMAHA",672,0,672,2021,1
"100CC","YAMAHA",0,0,0,2021,1
"125CC","YAMAHA",19462,17160,2302,2021,1
"50CC","KYMCO",3489,0,2467,2021,1
"100CC","KYMCO",7043,5564,1211,2021,1
"110CC","KYMCO",3200,3144,0,2021,1
"125CC","KYMCO",27073,17218,8132,2021,1
"150CC","KYMCO",5202,3199,1712,2021,1
"250CC","KYMCO",1822,0,1228,2021,1
"90CC","KYMCO",0,0,0,2021,1
"50CC",NA,0,0,0,2021,1
"50CC","PGO",690,0,562,2021,1
"100CC","PGO",0,0,0,2021,1
"110CC","PGO",0,0,0,2021,1
"125CC","PGO",1389,1337,116,2021,1
"150CC","PGO",183,81,100,2021,1
"50CC","SYM",1560,0,1560,2020,12
"90CC","SYM",0,0,0,2020,12
"100CC","SYM",0,0,0,2020,12
"110CC","SYM",9664,9781,0,2020,12
"125CC","SYM",26391,26686,20,2020,12
"150CC","SYM",3173,345,2820,2020,12
"250CC","SYM",58,1,136,2020,12
"50CC","SUZUKI",38,0,117,2020,12
"100CC","SUZUKI",0,0,0,2020,12
"125CC","SUZUKI",1908,1582,336,2020,12
"90CC","SUZUKI",134,0,153,2020,12
"250CC","SUZUKI",0,0,0,2020,12
"50CC","YAMAHA",528,0,528,2020,12
"100CC","YAMAHA",0,0,0,2020,12
"125CC","YAMAHA",20472,19379,1272,2020,12
"150CC","YAMAHA",2837,2673,162,2020,12
"50CC","KYMCO",5273,0,5122,2020,12
"100CC","KYMCO",5929,5449,1077,2020,12
"110CC","KYMCO",4020,4197,0,2020,12
"125CC","KYMCO",33927,27873,8040,2020,12
"150CC","KYMCO",5225,3941,1594,2020,12
"250CC","KYMCO",1334,0,2256,2020,12
"90CC","KYMCO",0,0,0,2020,12
"50CC","PGO",564,0,348,2020,12
"100CC","PGO",0,0,0,2020,12
"110CC","PGO",0,0,0,2020,12
"125CC","PGO",1320,1458,116,2020,12
"150CC","PGO",42,37,0,2020,12
"50CC","SYM",3000,0,3000,2020,11
"90CC","SYM",0,0,0,2020,11
"100CC","SYM",0,92,0,2020,11
"110CC","SYM",8772,8878,0,2020,11
"125CC","SYM",22213,21476,759,2020,11
"150CC","SYM",1672,58,1620,2020,11
"250CC","SYM",309,2,306,2020,11
"50CC","SUZUKI",201,0,509,2020,11
"100CC","SUZUKI",0,0,0,2020,11
"125CC","SUZUKI",1152,1023,0,2020,11
"90CC","SUZUKI",120,0,405,2020,11
"250CC","SUZUKI",0,0,0,2020,11
"50CC","YAMAHA",432,0,432,2020,11
"100CC","YAMAHA",0,0,0,2020,11
"125CC","YAMAHA",20602,19306,1242,2020,11
"150CC","YAMAHA",3088,2919,168,2020,11
"50CC","KYMCO",4177,0,2908,2020,11
"100CC","KYMCO",5279,4433,800,2020,11
"110CC","KYMCO",3000,2984,0,2020,11
"125CC","KYMCO",27788,21264,4196,2020,11
"150CC","KYMCO",5447,3630,1910,2020,11
"250CC","KYMCO",2506,0,1985,2020,11
"90CC","KYMCO",0,0,0,2020,11
"50CC","PGO",26,0,0,2020,11
"100CC","PGO",0,0,0,2020,11
"110CC","PGO",0,0,0,2020,11
"125CC","PGO",1991,1662,14,2020,11
"150CC","PGO",60,64,0,2020,11
"50CC","SYM",3111,0,3111,2020,10
"90CC","SYM",0,0,0,2020,10
"100CC","SYM",1170,368,720,2020,10
"110CC","SYM",7024,5706,1114,2020,10
"125CC","SYM",18099,17339,791,2020,10
"150CC","SYM",2104,745,1560,2020,10
"250CC","SYM",282,3,481,2020,10
"50CC","SUZUKI",0,0,12,2020,10
"100CC","SUZUKI",0,0,0,2020,10
"125CC","SUZUKI",1390,1142,336,2020,10
"90CC","SUZUKI",0,0,44,2020,10
"250CC","SUZUKI",0,0,0,2020,10
"50CC","YAMAHA",1296,0,1296,2020,10
"100CC","YAMAHA",0,0,0,2020,10
"125CC","YAMAHA",17169,15864,1129,2020,10
"150CC","YAMAHA",3674,3438,234,2020,10
"50CC","KYMCO",1329,0,1381,2020,10
"100CC","KYMCO",4016,3123,569,2020,10
"110CC","KYMCO",2400,2429,0,2020,10
"125CC","KYMCO",23013,16787,5090,2020,10
"150CC","KYMCO",4731,2352,2141,2020,10
"250CC","KYMCO",1591,0,984,2020,10
"90CC","KYMCO",0,0,0,2020,10
"50CC","PGO",83,0,83,2020,10
"100CC","PGO",0,0,0,2020,10
"110CC","PGO",0,2,0,2020,10
"125CC","PGO",1577,1536,30,2020,10
"150CC","PGO",50,62,50,2020,10
"50CC","SYM",6840,0,6840,2020,9
"90CC","SYM",0,0,0,2020,9
"100CC","SYM",1420,693,720,2020,9
"110CC","SYM",5023,4118,898,2020,9
"125CC","SYM",18309,17088,1265,2020,9
"150CC","SYM",1621,625,840,2020,9
"250CC","SYM",436,3,200,2020,9
"50CC","SUZUKI",240,0,279,2020,9
"100CC","SUZUKI",0,0,0,2020,9
"125CC","SUZUKI",1542,1349,192,2020,9
"90CC","SUZUKI",60,0,221,2020,9
"250CC","SUZUKI",0,0,0,2020,9
"50CC","YAMAHA",1140,0,1152,2020,9
"100CC","YAMAHA",0,0,0,2020,9
"125CC","YAMAHA",17908,16649,1321,2020,9
"150CC","YAMAHA",4741,4478,278,2020,9
"50CC","KYMCO",2704,0,6858,2020,9
"100CC","KYMCO",5007,3988,1045,2020,9
"110CC","KYMCO",3000,3067,1,2020,9
"125CC","KYMCO",22827,19488,3542,2020,9
"150CC","KYMCO",5673,3376,2821,2020,9
"250CC","KYMCO",428,0,993,2020,9
"90CC","KYMCO",0,0,0,2020,9
"50CC","PGO",438,0,537,2020,9
"100CC","PGO",0,0,0,2020,9
"110CC","PGO",0,2,0,2020,9
"125CC","PGO",1722,1526,178,2020,9
"150CC","PGO",191,76,55,2020,9
"50CC","SYM",3000,0,3000,2020,8
"90CC","SYM",0,0,0,2020,8
"100CC","SYM",1980,898,1080,2020,8
"110CC","SYM",7261,4392,2946,2020,8
"125CC","SYM",18070,16987,872,2020,8
"150CC","SYM",977,906,17,2020,8
"250CC","SYM",187,1,256,2020,8
"50CC","SUZUKI",0,0,162,2020,8
"100CC","SUZUKI",0,0,0,2020,8
"125CC","SUZUKI",1291,1171,192,2020,8
"90CC","SUZUKI",30,0,126,2020,8
"250CC","SUZUKI",0,0,0,2020,8
"50CC","YAMAHA",876,0,1040,2020,8
"100CC","YAMAHA",0,0,0,2020,8
"125CC","YAMAHA",15518,12914,2559,2020,8
"150CC","YAMAHA",3529,2758,752,2020,8
"50CC","KYMCO",6669,0,2279,2020,8
"100CC","KYMCO",3932,4056,772,2020,8
"110CC","KYMCO",2900,2854,0,2020,8
"125CC","KYMCO",19594,16791,2374,2020,8
"150CC","KYMCO",5861,3467,2215,2020,8
"250CC","KYMCO",3763,0,1948,2020,8
"90CC","KYMCO",746,0,0,2020,8
"50CC","PGO",494,0,397,2020,8
"100CC","PGO",0,0,0,2020,8
"110CC","PGO",0,0,0,2020,8
"125CC","PGO",1308,1269,86,2020,8
"150CC","PGO",65,56,0,2020,8
"50CC","SYM",720,0,720,2020,7
"90CC","SYM",0,0,0,2020,7
"100CC","SYM",550,551,0,2020,7
"110CC","SYM",6880,6854,0,2020,7
"125CC","SYM",15636,14766,1113,2020,7
"150CC","SYM",358,360,0,2020,7
"250CC","SYM",479,3,444,2020,7
"50CC","SUZUKI",240,0,72,2020,7
"100CC","SUZUKI",0,0,0,2020,7
"125CC","SUZUKI",1385,1052,0,2020,7
"90CC","SUZUKI",150,0,20,2020,7
"250CC","SUZUKI",0,0,0,2020,7
"50CC","YAMAHA",720,0,544,2020,7
"100CC","YAMAHA",0,0,0,2020,7
"125CC","YAMAHA",12031,10145,1804,2020,7
"150CC","YAMAHA",3282,3073,202,2020,7
"50CC","KYMCO",223,0,712,2020,7
"100CC","KYMCO",5433,4633,707,2020,7
"110CC","KYMCO",1999,2034,0,2020,7
"125CC","KYMCO",20424,19148,916,2020,7
"150CC","KYMCO",6223,2505,3686,2020,7
"250CC","KYMCO",1871,0,1871,2020,7
"90CC","KYMCO",0,0,0,2020,7
"50CC","PGO",227,0,225,2020,7
"100CC","PGO",0,0,0,2020,7
"110CC","PGO",1,12,0,2020,7
"125CC","PGO",1634,1491,139,2020,7
"150CC","PGO",106,66,44,2020,7
"50CC","SYM",0,0,0,2020,6
"90CC","SYM",0,0,0,2020,6
"100CC","SYM",325,342,0,2020,6
"110CC","SYM",6549,6692,0,2020,6
"125CC","SYM",11212,10947,728,2020,6
"150CC","SYM",627,695,6,2020,6
"250CC","SYM",303,2,223,2020,6
"50CC","SUZUKI",300,0,162,2020,6
"100CC","SUZUKI",0,0,0,2020,6
"125CC","SUZUKI",1020,1078,24,2020,6
"90CC","SUZUKI",240,0,54,2020,6
"250CC","SUZUKI",0,0,0,2020,6
"50CC","YAMAHA",48,0,48,2020,6
"100CC","YAMAHA",0,0,0,2020,6
"125CC","YAMAHA",11018,10454,564,2020,6
"150CC","YAMAHA",1952,1880,72,2020,6
"50CC","KYMCO",1674,0,1198,2020,6
"100CC","KYMCO",3825,3395,440,2020,6
"110CC","KYMCO",2800,2752,0,2020,6
"125CC","KYMCO",15982,15679,455,2020,6
"150CC","KYMCO",5229,2352,2940,2020,6
"250CC","KYMCO",2931,0,3518,2020,6
"90CC","KYMCO",0,0,0,2020,6
"50CC","PGO",49,0,49,2020,6
"100CC","PGO",0,0,0,2020,6
"110CC","PGO",0,23,0,2020,6
"125CC","PGO",1487,1518,3,2020,6
"150CC","PGO",98,103,0,2020,6
"50CC","SYM",0,0,0,2020,5
"90CC","SYM",0,0,0,2020,5
"100CC","SYM",375,357,0,2020,5
"110CC","SYM",4897,4928,110,2020,5
"125CC","SYM",14334,13488,779,2020,5
"150CC","SYM",445,386,0,2020,5
"250CC","SYM",10,4,135,2020,5
"50CC","SUZUKI",60,0,0,2020,5
"100CC","SUZUKI",0,0,0,2020,5
"125CC","SUZUKI",1200,1205,0,2020,5
"90CC","SUZUKI",240,0,0,2020,5
"250CC","SUZUKI",0,0,0,2020,5
"50CC","YAMAHA",192,0,416,2020,5
"100CC","YAMAHA",0,0,0,2020,5
"125CC","YAMAHA",5385,4961,584,2020,5
"150CC","YAMAHA",1348,1160,234,2020,5
"50CC","KYMCO",1519,0,1555,2020,5
"100CC","KYMCO",4431,4002,235,2020,5
"110CC","KYMCO",2123,2081,0,2020,5
"125CC","KYMCO",17005,15972,1122,2020,5
"150CC","KYMCO",3760,1734,1826,2020,5
"250CC","KYMCO",3303,0,3016,2020,5
"90CC","KYMCO",0,0,0,2020,5
"50CC","PGO",290,0,290,2020,5
"100CC","PGO",0,0,0,2020,5
"110CC","PGO",0,30,18,2020,5
"125CC","PGO",1449,1385,67,2020,5
"150CC","PGO",193,89,100,2020,5
"50CC","SYM",14040,0,14040,2020,4
"90CC","SYM",0,0,0,2020,4
"100CC","SYM",1120,417,720,2020,4
"110CC","SYM",5257,4107,968,2020,4
"125CC","SYM",14638,12666,1481,2020,4
"150CC","SYM",372,355,0,2020,4
"250CC","SYM",30,0,75,2020,4
"50CC","SUZUKI",240,0,60,2020,4
"100CC","SUZUKI",0,0,0,2020,4
"125CC","SUZUKI",1101,903,288,2020,4
"90CC","SUZUKI",180,0,60,2020,4
"250CC","SUZUKI",0,0,0,2020,4
"50CC","YAMAHA",672,0,544,2020,4
"100CC","YAMAHA",0,0,0,2020,4
"125CC","YAMAHA",10735,9525,1086,2020,4
"150CC","YAMAHA",1554,1190,354,2020,4
"50CC","KYMCO",2409,0,2846,2020,4
"100CC","KYMCO",3565,3577,4,2020,4
"110CC","KYMCO",1750,1904,0,2020,4
"125CC","KYMCO",25103,16808,9129,2020,4
"150CC","KYMCO",4444,3025,1472,2020,4
"250CC","KYMCO",2603,0,2159,2020,4
"90CC","KYMCO",14,0,0,2020,4
"50CC","PGO",235,0,235,2020,4
"100CC","PGO",0,0,0,2020,4
"110CC","PGO",0,189,16,2020,4
"125CC","PGO",1484,1429,112,2020,4
"150CC","PGO",106,110,0,2020,4
"50CC","SYM",4560,0,4560,2020,3
"90CC","SYM",0,0,0,2020,3
"100CC","SYM",1980,882,1080,2020,3
"110CC","SYM",4219,3394,720,2020,3
"125CC","SYM",13863,13345,804,2020,3
"150CC","SYM",463,499,0,2020,3
"250CC","SYM",262,0,71,2020,3
"50CC","SUZUKI",60,0,0,2020,3
"100CC","SUZUKI",0,0,0,2020,3
"125CC","SUZUKI",1179,1341,0,2020,3
"90CC","SUZUKI",60,0,0,2020,3
"250CC","SUZUKI",0,0,0,2020,3
"50CC","YAMAHA",816,0,864,2020,3
"100CC","YAMAHA",0,0,0,2020,3
"125CC","YAMAHA",10215,8920,1499,2020,3
"150CC","YAMAHA",1888,1444,516,2020,3
"50CC","KYMCO",1500,0,3300,2020,3
"100CC","KYMCO",5014,4923,6,2020,3
"110CC","KYMCO",1800,1506,0,2020,3
"125CC","KYMCO",24051,18271,7021,2020,3
"150CC","KYMCO",6002,3879,3089,2020,3
"250CC","KYMCO",1465,0,1928,2020,3
"90CC","KYMCO",0,0,0,2020,3
"50CC","PGO",407,0,407,2020,3
"100CC","PGO",0,0,0,2020,3
"110CC","PGO",359,236,12,2020,3
"125CC","PGO",959,935,111,2020,3
"150CC","PGO",217,108,106,2020,3
"50CC","SYM",2940,0,2940,2020,2
"90CC","SYM",0,0,0,2020,2
"100CC","SYM",1820,1109,720,2020,2
"110CC","SYM",3594,2815,744,2020,2
"125CC","SYM",10621,9352,1235,2020,2
"150CC","SYM",487,467,0,2020,2
"250CC","SYM",62,0,60,2020,2
"50CC","SUZUKI",0,0,36,2020,2
"100CC","SUZUKI",0,0,0,2020,2
"125CC","SUZUKI",926,397,720,2020,2
"90CC","SUZUKI",0,0,33,2020,2
"250CC","SUZUKI",0,0,0,2020,2
"50CC","YAMAHA",672,0,672,2020,2
"100CC","YAMAHA",0,0,0,2020,2
"125CC","YAMAHA",7759,5719,2237,2020,2
"150CC","YAMAHA",1416,761,655,2020,2
"50CC","KYMCO",3624,0,3519,2020,2
"100CC","KYMCO",3927,3763,0,2020,2
"110CC","KYMCO",1252,1242,2,2020,2
"125CC","KYMCO",22582,16139,8057,2020,2
"150CC","KYMCO",5385,3166,1728,2020,2
"250CC","KYMCO",1733,0,1646,2020,2
"90CC","KYMCO",0,2,0,2020,2
"50CC","PGO",348,0,348,2020,2
"100CC","PGO",0,0,0,2020,2
"110CC","PGO",214,254,0,2020,2
"125CC","PGO",1212,1216,55,2020,2
"150CC","PGO",220,117,100,2020,2
"50CC","SYM",3420,0,3420,2020,1
"90CC","SYM",0,0,0,2020,1
"100CC","SYM",2440,991,1440,2020,1
"110CC","SYM",4771,2612,2212,2020,1
"125CC","SYM",10791,7920,2468,2020,1
"150CC","SYM",372,367,0,2020,1
"250CC","SYM",167,0,337,2020,1
"50CC","SUZUKI",0,0,0,2020,1
"100CC","SUZUKI",0,0,0,2020,1
"125CC","SUZUKI",625,242,480,2020,1
"90CC","SUZUKI",0,0,0,2020,1
"250CC","SUZUKI",0,0,0,2020,1
"50CC","YAMAHA",624,0,624,2020,1
"100CC","YAMAHA",0,0,0,2020,1
"125CC","YAMAHA",6079,3694,2188,2020,1
"150CC","YAMAHA",973,527,446,2020,1
"50CC","KYMCO",2258,0,63,2020,1
"100CC","KYMCO",2985,2896,17,2020,1
"110CC","KYMCO",1440,1425,10,2020,1
"125CC","KYMCO",20544,13889,2616,2020,1
"150CC","KYMCO",4560,2240,1991,2020,1
"250CC","KYMCO",1468,0,1140,2020,1
"90CC","KYMCO",0,0,0,2020,1
"50CC","PGO",86,0,86,2020,1
"100CC","PGO",0,0,0,2020,1
"110CC","PGO",252,292,3,2020,1
"125CC","PGO",1034,1104,35,2020,1
"150CC","PGO",217,109,105,2020,1
"50CC","SYM",0,0,0,2019,12
"90CC","SYM",0,0,0,2019,12
"100CC","SYM",0,43,0,2019,12
"110CC","SYM",1307,1218,88,2019,12
"125CC","SYM",10302,9999,1072,2019,12
"150CC","SYM",229,303,0,2019,12
"250CC","SYM",210,0,172,2019,12
"50CC","SUZUKI",0,0,108,2019,12
"100CC","SUZUKI",0,0,0,2019,12
"125CC","SUZUKI",600,292,240,2019,12
"90CC","SUZUKI",0,0,79,2019,12
"250CC","SUZUKI",0,0,0,2019,12
"50CC","YAMAHA",624,0,624,2019,12
"100CC","YAMAHA",0,0,0,2019,12
"125CC","YAMAHA",7974,6620,1514,2019,12
"150CC","YAMAHA",2352,1964,389,2019,12
"50CC","KYMCO",903,0,2323,2019,12
"100CC","KYMCO",2658,2519,126,2019,12
"110CC","KYMCO",860,986,10,2019,12
"125CC","KYMCO",14555,14138,465,2019,12
"150CC","KYMCO",2858,1610,2103,2019,12
"250CC","KYMCO",780,0,760,2019,12
"90CC","KYMCO",0,0,0,2019,12
"50CC","PGO",0,0,0,2019,12
"100CC","PGO",0,0,0,2019,12
"110CC","PGO",96,191,0,2019,12
"125CC","PGO",716,822,0,2019,12
"150CC","PGO",111,62,50,2019,12
"50CC","SYM",7560,0,7560,2019,11
"90CC","SYM",0,0,0,2019,11
"100CC","SYM",5724,3916,1800,2019,11
"110CC","SYM",3025,435,2530,2019,11
"125CC","SYM",9766,7501,2692,2019,11
"150CC","SYM",251,278,0,2019,11
"250CC","SYM",219,2,88,2019,11
"50CC","SUZUKI",0,0,174,2019,11
"100CC","SUZUKI",0,0,0,2019,11
"125CC","SUZUKI",510,310,432,2019,11
"90CC","SUZUKI",0,0,51,2019,11
"250CC","SUZUKI",0,0,0,2019,11
"50CC","YAMAHA",624,0,624,2019,11
"100CC","YAMAHA",0,0,0,2019,11
"125CC","YAMAHA",8916,7160,1612,2019,11
"150CC","YAMAHA",2268,1840,428,2019,11
"50CC","KYMCO",3719,0,2719,2019,11
"100CC","KYMCO",3195,3223,283,2019,11
"110CC","KYMCO",2238,2275,10,2019,11
"125CC","KYMCO",15649,13482,2730,2019,11
"150CC","KYMCO",4154,2356,904,2019,11
"250CC","KYMCO",80,0,110,2019,11
"90CC","KYMCO",0,0,0,2019,11
"50CC","PGO",0,0,26,2019,11
"100CC","PGO",0,0,0,2019,11
"110CC","PGO",333,349,10,2019,11
"125CC","PGO",1210,1201,26,2019,11
"150CC","PGO",212,59,202,2019,11
"50CC","SYM",3420,0,3420,2019,10
"90CC","SYM",0,0,0,2019,10
"100CC","SYM",2449,2547,0,2019,10
"110CC","SYM",1656,762,970,2019,10
"125CC","SYM",12081,10457,1428,2019,10
"150CC","SYM",462,409,0,2019,10
"250CC","SYM",233,0,335,2019,10
"50CC","SUZUKI",0,0,81,2019,10
"100CC","SUZUKI",0,0,0,2019,10
"125CC","SUZUKI",450,386,120,2019,10
"90CC","SUZUKI",30,0,300,2019,10
"250CC","SUZUKI",0,0,0,2019,10
"50CC","YAMAHA",688,0,688,2019,10
"100CC","YAMAHA",0,0,0,2019,10
"125CC","YAMAHA",10126,8905,1500,2019,10
"150CC","YAMAHA",2735,2561,317,2019,10
"50CC","KYMCO",1642,0,1222,2019,10
"100CC","KYMCO",3340,3254,3956,2019,10
"110CC","KYMCO",2648,2470,818,2019,10
"125CC","KYMCO",19914,15521,502,2019,10
"150CC","KYMCO",3904,2625,306,2019,10
"250CC","KYMCO",172,0,160,2019,10
"90CC","KYMCO",0,0,0,2019,10
"50CC","PGO",0,0,63,2019,10
"100CC","PGO",0,0,0,2019,10
"110CC","PGO",352,418,4,2019,10
"125CC","PGO",1798,1644,22,2019,10
"150CC","PGO",288,82,209,2019,10
"50CC","SYM",6300,0,6300,2019,9
"90CC","SYM",0,0,0,2019,9
"100CC","SYM",3427,2794,720,2019,9
"110CC","SYM",2499,1039,1553,2019,9
"125CC","SYM",12773,12369,1227,2019,9
"150CC","SYM",545,640,0,2019,9
"250CC","SYM",216,1,113,2019,9
"50CC","SUZUKI",240,0,72,2019,9
"100CC","SUZUKI",0,0,0,2019,9
"125CC","SUZUKI",471,467,0,2019,9
"90CC","SUZUKI",120,0,278,2019,9
"250CC","SUZUKI",0,0,0,2019,9
"50CC","YAMAHA",656,0,656,2019,9
"100CC","YAMAHA",0,0,0,2019,9
"125CC","YAMAHA",10797,10103,694,2019,9
"150CC","YAMAHA",2663,2479,184,2019,9
"50CC","KYMCO",1735,0,1735,2019,9
"100CC","KYMCO",3355,3000,192,2019,9
"110CC","KYMCO",2120,2128,0,2019,9
"125CC","KYMCO",13802,13112,1153,2019,9
"150CC","KYMCO",3259,2714,296,2019,9
"250CC","KYMCO",212,0,174,2019,9
"90CC","KYMCO",0,0,0,2019,9
"50CC","PGO",63,0,0,2019,9
"100CC","PGO",0,0,0,2019,9
"110CC","PGO",351,479,10,2019,9
"125CC","PGO",2120,2281,29,2019,9
"150CC","PGO",232,87,100,2019,9
"50CC","SYM",3289,0,3289,2019,8
"90CC","SYM",0,0,0,2019,8
"100CC","SYM",3105,2335,720,2019,8
"110CC","SYM",2357,739,1474,2019,8
"125CC","SYM",12321,10383,1854,2019,8
"150CC","SYM",448,359,0,2019,8
"250CC","SYM",241,1,242,2019,8
"50CC","SUZUKI",96,0,322,2019,8
"100CC","SUZUKI",0,0,0,2019,8
"125CC","SUZUKI",120,411,0,2019,8
"90CC","SUZUKI",192,0,63,2019,8
"250CC","SUZUKI",0,0,0,2019,8
"50CC","YAMAHA",1008,0,1008,2019,8
"100CC","YAMAHA",0,0,0,2019,8
"125CC","YAMAHA",11670,9840,1836,2019,8
"150CC","YAMAHA",2348,2000,348,2019,8
"50CC","KYMCO",1545,0,1965,2019,8
"100CC","KYMCO",3761,3728,416,2019,8
"110CC","KYMCO",2406,2473,6,2019,8
"125CC","KYMCO",15804,14532,455,2019,8
"150CC","KYMCO",3520,2560,1021,2019,8
"250CC","KYMCO",2216,0,2708,2019,8
"90CC","KYMCO",413,0,0,2019,8
"50CC","PGO",135,0,109,2019,8
"100CC","PGO",0,0,0,2019,8
"110CC","PGO",390,308,0,2019,8
"125CC","PGO",1652,1432,6,2019,8
"150CC","PGO",167,81,100,2019,8
"50CC","SYM",6480,0,6480,2019,7
"90CC","SYM",0,0,0,2019,7
"100CC","SYM",3169,3249,0,2019,7
"110CC","SYM",1925,689,1496,2019,7
"125CC","SYM",13501,12805,811,2019,7
"150CC","SYM",304,412,0,2019,7
"250CC","SYM",246,1,309,2019,7
"50CC","SUZUKI",264,0,315,2019,7
"100CC","SUZUKI",0,0,0,2019,7
"125CC","SUZUKI",361,500,0,2019,7
"90CC","SUZUKI",336,0,275,2019,7
"250CC","SUZUKI",0,0,0,2019,7
"50CC","YAMAHA",1056,0,1056,2019,7
"100CC","YAMAHA",0,0,0,2019,7
"125CC","YAMAHA",14338,11080,3252,2019,7
"150CC","YAMAHA",2800,2160,640,2019,7
"50CC","KYMCO",1206,0,869,2019,7
"100CC","KYMCO",5182,4327,725,2019,7
"110CC","KYMCO",2170,2199,0,2019,7
"125CC","KYMCO",16492,16502,498,2019,7
"150CC","KYMCO",2480,2262,606,2019,7
"250CC","KYMCO",2730,0,2168,2019,7
"90CC","KYMCO",0,0,0,2019,7
"50CC","PGO",56,0,56,2019,7
"100CC","PGO",0,0,0,2019,7
"110CC","PGO",934,651,4,2019,7
"125CC","PGO",2296,2209,19,2019,7
"150CC","PGO",250,116,150,2019,7
"50CC","SYM",7380,0,7380,2019,6
"90CC","SYM",0,0,0,2019,6
"100CC","SYM",1524,1982,0,2019,6
"110CC","SYM",1804,947,790,2019,6
"125CC","SYM",12260,11073,896,2019,6
"150CC","SYM",354,329,4,2019,6
"250CC","SYM",358,3,297,2019,6
"50CC","SUZUKI",399,0,525,2019,6
"100CC","SUZUKI",0,0,0,2019,6
"125CC","SUZUKI",420,289,48,2019,6
"90CC","SUZUKI",300,0,435,2019,6
"250CC","SUZUKI",0,0,0,2019,6
"50CC","YAMAHA",528,0,528,2019,6
"100CC","YAMAHA",0,0,0,2019,6
"125CC","YAMAHA",14108,12280,1828,2019,6
"150CC","YAMAHA",2206,1800,406,2019,6
"50CC","KYMCO",1378,0,1297,2019,6
"100CC","KYMCO",3613,2947,455,2019,6
"110CC","KYMCO",1616,1504,10,2019,6
"125CC","KYMCO",18555,14962,3683,2019,6
"150CC","KYMCO",4023,3085,684,2019,6
"250CC","KYMCO",2386,0,2286,2019,6
"90CC","KYMCO",0,0,0,2019,6
"50CC","PGO",576,0,1314,2019,6
"100CC","PGO",0,0,0,2019,6
"110CC","PGO",448,567,8,2019,6
"125CC","PGO",1396,1692,226,2019,6
"150CC","PGO",358,90,251,2019,6
"50CC","SYM",8460,0,8460,2019,NA
"90CC","SYM",0,0,0,2019,NA
"100CC","SYM",3545,2026,1080,2019,NA
"110CC","SYM",3422,634,2584,2019,NA
"125CC","SYM",15734,12651,1928,2019,NA
"150CC","SYM",398,377,0,2019,NA
"250CC","SYM",258,4,258,2019,NA
"50CC","SUZUKI",525,0,0,2019,NA
"100CC","SUZUKI",0,0,0,2019,NA
"125CC","SUZUKI",614,402,240,2019,NA
"90CC","SUZUKI",0,0,20,2019,NA
"250CC","SUZUKI",0,0,0,2019,NA
"50CC","YAMAHA",192,0,192,2019,NA
"100CC","YAMAHA",0,0,0,2019,NA
"125CC","YAMAHA",11749,10600,1149,2019,NA
"150CC","YAMAHA",4342,4100,242,2019,NA
"50CC","KYMCO",1555,0,1553,2019,NA
"100CC","KYMCO",4035,4041,0,2019,NA
"110CC","KYMCO",2234,2400,10,2019,NA
"125CC","KYMCO",22264,19403,3478,2019,NA
"150CC","KYMCO",5084,4403,1295,2019,NA
"250CC","KYMCO",3506,0,4164,2019,NA
"90CC","KYMCO",0,0,0,2019,NA
"50CC","PGO",764,0,26,2019,NA
"100CC","PGO",0,0,0,2019,NA
"110CC","PGO",1298,1053,9,2019,NA
"125CC","PGO",2465,1908,18,2019,NA
"150CC","PGO",102,94,0,2019,NA
"50CC","SYM",4200,0,4200,2019,5
"90CC","SYM",0,0,0,2019,5
"100CC","SYM",3412,2900,380,2019,5
"110CC","SYM",1382,750,632,2019,5
"125CC","SYM",14158,12674,1858,2019,5
"150CC","SYM",501,468,0,2019,5
"250CC","SYM",158,5,148,2019,5
"50CC","SUZUKI",36,0,80,2019,5
"100CC","SUZUKI",0,0,0,2019,5
"125CC","SUZUKI",600,443,82,2019,5
"90CC","SUZUKI",540,0,10,2019,5
"250CC","SUZUKI",0,0,0,2019,5
"50CC","YAMAHA",800,0,800,2019,5
"100CC","YAMAHA",0,0,0,2019,5
"125CC","YAMAHA",9180,7702,1478,2019,5
"150CC","YAMAHA",3916,3700,216,2019,5
"50CC","KYMCO",806,0,1306,2019,5
"100CC","KYMCO",3518,3610,355,2019,5
"110CC","KYMCO",2735,2526,0,2019,5
"125CC","KYMCO",21403,17452,4269,2019,5
"150CC","KYMCO",4945,3735,907,2019,5
"250CC","KYMCO",3784,0,2632,2019,5
"90CC","KYMCO",272,0,0,2019,5
"50CC","PGO",559,0,597,2019,5
"100CC","PGO",0,0,0,2019,5
"110CC","PGO",955,861,9,2019,5
"125CC","PGO",1873,1672,104,2019,5
"150CC","PGO",213,115,109,2019,5
"50CC","SYM",2624,0,2624,2019,3
"90CC","SYM",0,0,0,2019,3
"100CC","SYM",3255,2913,380,2019,3
"110CC","SYM",1126,783,326,2019,3
"125CC","SYM",15284,13610,1212,2019,3
"150CC","SYM",575,457,10,2019,3
"250CC","SYM",87,10,120,2019,3
"50CC","SUZUKI",120,0,3,2019,3
"100CC","SUZUKI",0,0,0,2019,3
"125CC","SUZUKI",1035,665,722,2019,3
"90CC","SUZUKI",30,0,80,2019,3
"250CC","SUZUKI",0,0,0,2019,3
"50CC","YAMAHA",784,0,784,2019,3
"100CC","YAMAHA",0,0,0,2019,3
"125CC","YAMAHA",10897,8657,2390,2019,3
"150CC","YAMAHA",3674,3300,374,2019,3
"50CC","KYMCO",3840,0,3344,2019,3
"100CC","KYMCO",3233,2371,528,2019,3
"110CC","KYMCO",1286,1399,6,2019,3
"125CC","KYMCO",21292,16801,5297,2019,3
"150CC","KYMCO",6112,4014,1918,2019,3
"250CC","KYMCO",1282,0,1588,2019,3
"90CC","KYMCO",0,0,0,2019,3
"50CC","PGO",433,0,539,2019,3
"100CC","PGO",0,0,0,2019,3
"110CC","PGO",473,582,10,2019,3
"125CC","PGO",2008,2045,183,2019,3
"150CC","PGO",74,129,4,2019,3
"50CC","SYM",1080,0,1080,2019,2
"90CC","SYM",0,0,0,2019,2
"100CC","SYM",2145,2028,127,2019,2
"110CC","SYM",320,302,30,2019,2
"125CC","SYM",9620,8905,854,2019,2
"150CC","SYM",270,279,0,2019,2
"250CC","SYM",240,0,225,2019,2
"50CC","SUZUKI",0,0,192,2019,2
"100CC","SUZUKI",0,0,0,2019,2
"125CC","SUZUKI",1098,349,0,2019,2
"90CC","SUZUKI",0,0,84,2019,2
"250CC","SUZUKI",0,0,0,2019,2
"50CC","YAMAHA",432,0,432,2019,2
"100CC","YAMAHA",0,0,0,2019,2
"125CC","YAMAHA",6722,5042,1530,2019,2
"150CC","YAMAHA",1738,1200,538,2019,2
"50CC","KYMCO",567,0,1363,2019,2
"100CC","KYMCO",2637,2915,215,2019,2
"110CC","KYMCO",1045,941,10,2019,2
"125CC","KYMCO",18378,12841,6485,2019,2
"150CC","KYMCO",4536,2129,2098,2019,2
"250CC","KYMCO",1262,1,1464,2019,2
"90CC","KYMCO",0,0,0,2019,2
"50CC","PGO",437,0,321,2019,2
"100CC","PGO",0,0,0,2019,2
"110CC","PGO",343,459,0,2019,2
"125CC","PGO",1396,1669,25,2019,2
"150CC","PGO",85,134,0,2019,2
"50CC","SYM",1560,0,1560,2019,1
"90CC","SYM",0,0,0,2019,1
"100CC","SYM",3257,3077,0,2019,1
"110CC","SYM",407,440,162,2019,1
"125CC","SYM",12502,12348,1079,2019,1
"150CC","SYM",202,379,0,2019,1
"250CC","SYM",400,1,401,2019,1
"50CC","SUZUKI",120,0,0,2019,1
"100CC","SUZUKI",0,0,0,2019,1
"125CC","SUZUKI",1767,334,808,2019,1
"90CC","SUZUKI",150,0,0,2019,1
"250CC","SUZUKI",0,0,0,2019,1
"50CC","YAMAHA",864,0,888,2019,1
"100CC","YAMAHA",0,0,0,2019,1
"125CC","YAMAHA",9049,7005,2044,2019,1
"150CC","YAMAHA",1508,1300,208,2019,1
"50CC","KYMCO",3363,0,2563,2019,1
"100CC","KYMCO",7516,6700,189,2019,1
"110CC","KYMCO",1865,1840,0,2019,1
"125CC","KYMCO",23038,17886,1255,2019,1
"150CC","KYMCO",3448,2029,1028,2019,1
"250CC","KYMCO",906,0,602,2019,1
"90CC","KYMCO",0,0,0,2019,1
"50CC","PGO",209,0,267,2019,1
"100CC","PGO",0,0,0,2019,1
"110CC","PGO",659,568,0,2019,1
"125CC","PGO",2373,2087,76,2019,1
"150CC","PGO",205,205,5,2019,1
"50CC","SYM",0,0,0,2018,12
"90CC","SYM",0,0,0,2018,12
"100CC","SYM",2478,3023,0,2018,12
"110CC","SYM",437,741,62,2018,12
"125CC","SYM",6936,8338,758,2018,12
"150CC","SYM",71,334,10,2018,12
"250CC","SYM",144,0,110,2018,12
"50CC","SUZUKI",0,0,37,2018,12
"100CC","SUZUKI",0,0,0,2018,12
"125CC","SUZUKI",1570,378,2064,2018,12
"90CC","SUZUKI",0,0,42,2018,12
"250CC","SUZUKI",0,0,0,2018,12
"50CC","YAMAHA",1912,0,1888,2018,12
"100CC","YAMAHA",0,0,0,2018,12
"125CC","YAMAHA",6674,5400,1274,2018,12
"150CC","YAMAHA",2241,2005,236,2018,12
"50CC","KYMCO",1446,0,1446,2018,12
"100CC","KYMCO",2969,3113,152,2018,12
"110CC","KYMCO",1745,1899,0,2018,12
"125CC","KYMCO",13625,11662,5469,2018,12
"150CC","KYMCO",2645,2270,649,2018,12
"250CC","KYMCO",1582,0,808,2018,12
"90CC","KYMCO",0,0,0,2018,12
"50CC","PGO",85,0,56,2018,12
"100CC","PGO",0,0,0,2018,12
"110CC","PGO",420,456,0,2018,12
"125CC","PGO",1368,1456,2,2018,12
"150CC","PGO",281,171,150,2018,12
"50CC","SYM",1200,0,1200,2018,11
"90CC","SYM",0,0,0,2018,11
"100CC","SYM",3851,3483,52,2018,11
"110CC","SYM",6145,636,5521,2018,11
"125CC","SYM",8376,7933,635,2018,11
"150CC","SYM",549,370,0,2018,11
"250CC","SYM",119,0,256,2018,11
"50CC","SUZUKI",120,0,381,2018,11
"100CC","SUZUKI",0,0,0,2018,11
"125CC","SUZUKI",2356,623,1440,2018,11
"90CC","SUZUKI",0,0,365,2018,11
"250CC","SUZUKI",0,0,0,2018,11
"50CC","YAMAHA",2830,0,2830,2018,11
"100CC","YAMAHA",0,0,0,2018,11
"125CC","YAMAHA",8992,7400,1606,2018,11
"150CC","YAMAHA",2497,2203,294,2018,11
"50CC","KYMCO",2526,0,3052,2018,11
"100CC","KYMCO",3484,3168,397,2018,11
"110CC","KYMCO",2385,2371,0,2018,11
"125CC","KYMCO",20344,13456,6593,2018,11
"150CC","KYMCO",4355,3679,1731,2018,11
"250CC","KYMCO",138,0,156,2018,11
"90CC","KYMCO",0,0,0,2018,11
"50CC","PGO",56,0,0,2018,11
"100CC","PGO",0,0,0,2018,11
"110CC","PGO",679,472,9,2018,11
"125CC","PGO",1838,1512,13,2018,11
"150CC","PGO",496,289,153,2018,11
"50CC","SYM",540,0,540,2018,10
"90CC","SYM",0,0,0,2018,10
"100CC","SYM",3999,3849,0,2018,10
"110CC","SYM",3943,754,2894,2018,10
"125CC","SYM",11194,9745,345,2018,10
"150CC","SYM",576,472,18,2018,10
"250CC","SYM",163,0,108,2018,10
"50CC","SUZUKI",300,0,997,2018,10
"100CC","SUZUKI",0,0,0,2018,10
"125CC","SUZUKI",634,535,0,2018,10
"90CC","SUZUKI",520,0,465,2018,10
"250CC","SUZUKI",0,0,0,2018,10
"50CC","YAMAHA",1428,0,1428,2018,10
"100CC","YAMAHA",0,0,0,2018,10
"125CC","YAMAHA",12358,9618,2746,2018,10
"150CC","YAMAHA",4952,4700,252,2018,10
"50CC","KYMCO",971,0,445,2018,10
"100CC","KYMCO",4456,4240,192,2018,10
"110CC","KYMCO",2834,2853,14,2018,10
"125CC","KYMCO",17565,14062,2164,2018,10
"150CC","KYMCO",6094,3972,1438,2018,10
"250CC","KYMCO",394,0,478,2018,10
"90CC","KYMCO",0,0,0,2018,10
"50CC","PGO",5,0,91,2018,10
"100CC","PGO",0,0,0,2018,10
"110CC","PGO",550,540,6,2018,10
"125CC","PGO",1997,1923,72,2018,10
"150CC","PGO",758,432,259,2018,10
"50CC","SYM",3986,0,3986,2018,9
"90CC","SYM",0,0,0,2018,9
"100CC","SYM",3200,4106,0,2018,9
"110CC","SYM",1002,1056,2,2018,9
"125CC","SYM",10990,10639,849,2018,9
"150CC","SYM",304,430,8,2018,9
"250CC","SYM",391,1,572,2018,9
"50CC","SUZUKI",420,0,819,2018,9
"100CC","SUZUKI",0,0,0,2018,9
"125CC","SUZUKI",793,159,528,2018,9
"90CC","SUZUKI",255,0,443,2018,9
"250CC","SUZUKI",0,0,0,2018,9
"50CC","YAMAHA",1168,0,1168,2018,9
"100CC","YAMAHA",0,0,0,2018,9
"125CC","YAMAHA",12615,11708,887,2018,9
"150CC","YAMAHA",2550,2400,150,2018,9
"50CC","KYMCO",1492,0,1492,2018,9
"100CC","KYMCO",5143,4739,338,2018,9
"110CC","KYMCO",1576,1591,6,2018,9
"125CC","KYMCO",13627,12160,1324,2018,9
"150CC","KYMCO",2949,1562,1474,2018,9
"250CC","KYMCO",1112,0,1344,2018,9
"90CC","KYMCO",0,0,0,2018,9
"50CC","PGO",46,0,0,2018,9
"100CC","PGO",0,0,0,2018,9
"110CC","PGO",511,609,0,2018,9
"125CC","PGO",1944,1987,3,2018,9
"150CC","PGO",761,506,250,2018,9
"50CC","SYM",2700,0,2700,2018,8
"90CC","SYM",0,0,0,2018,8
"100CC","SYM",3500,2871,0,2018,8
"110CC","SYM",1693,1337,6,2018,8
"125CC","SYM",15478,12153,2705,2018,8
"150CC","SYM",348,420,14,2018,8
"250CC","SYM",382,1,178,2018,8
"50CC","SUZUKI",600,0,0,2018,8
"100CC","SUZUKI",0,0,0,2018,8
"125CC","SUZUKI",1847,498,1008,2018,8
"90CC","SUZUKI",337,0,692,2018,8
"250CC","SUZUKI",0,0,0,2018,8
"50CC","YAMAHA",1382,0,1382,2018,8
"100CC","YAMAHA",0,0,0,2018,8
"125CC","YAMAHA",13848,12700,1151,2018,8
"150CC","YAMAHA",1144,700,444,2018,8
"50CC","KYMCO",1301,0,1367,2018,8
"100CC","KYMCO",4867,4597,465,2018,8
"110CC","KYMCO",1218,1009,18,2018,8
"125CC","KYMCO",15272,11223,5657,2018,8
"150CC","KYMCO",4941,3363,1979,2018,8
"250CC","KYMCO",1480,0,1442,2018,8
"90CC","KYMCO",0,0,0,2018,8
"50CC","PGO",231,0,231,2018,8
"100CC","PGO",0,0,0,2018,8
"110CC","PGO",662,663,6,2018,8
"125CC","PGO",2295,2283,12,2018,8
"150CC","PGO",362,231,126,2018,8
"50CC","SYM",3780,0,3780,2018,7
"90CC","SYM",0,0,0,2018,7
"100CC","SYM",2149,3017,0,2018,7
"110CC","SYM",8246,1065,7567,2018,7
"125CC","SYM",13971,11954,499,2018,7
"150CC","SYM",434,348,48,2018,7
"250CC","SYM",273,0,261,2018,7
"50CC","SUZUKI",849,0,15,2018,7
"100CC","SUZUKI",0,0,0,2018,7
"125CC","SUZUKI",666,562,625,2018,7
"90CC","SUZUKI",830,0,12,2018,7
"250CC","SUZUKI",0,0,0,2018,7
"50CC","YAMAHA",1160,0,1160,2018,7
"100CC","YAMAHA",0,0,0,2018,7
"125CC","YAMAHA",12799,11400,1402,2018,7
"150CC","YAMAHA",2780,2400,380,2018,7
"50CC","KYMCO",2321,0,2995,2018,7
"100CC","KYMCO",10058,3576,344,2018,7
"110CC","KYMCO",775,1045,0,2018,7
"125CC","KYMCO",12618,12164,6154,2018,7
"150CC","KYMCO",6292,4192,1569,2018,7
"250CC","KYMCO",1478,0,1215,2018,7
"90CC","KYMCO",0,0,0,2018,7
"50CC","PGO",285,0,452,2018,7
"100CC","PGO",0,0,0,2018,7
"110CC","PGO",591,656,0,2018,7
"125CC","PGO",2018,2205,26,2018,7
"150CC","PGO",609,330,305,2018,7
"50CC","SYM",3780,0,3780,2018,6
"90CC","SYM",0,0,0,2018,6
"100CC","SYM",3813,3265,0,2018,6
"110CC","SYM",5102,1458,3251,2018,6
"125CC","SYM",9965,10466,884,2018,6
"150CC","SYM",1000,656,0,2018,6
"250CC","SYM",545,7,497,2018,6
"50CC","SUZUKI",0,0,0,2018,6
"100CC","SUZUKI",0,0,0,2018,6
"125CC","SUZUKI",1077,511,720,2018,6
"90CC","SUZUKI",0,0,70,2018,6
"250CC","SUZUKI",0,0,0,2018,6
"50CC","YAMAHA",930,0,968,2018,6
"100CC","YAMAHA",0,0,0,2018,6
"125CC","YAMAHA",11668,10000,1708,2018,6
"150CC","YAMAHA",4121,3700,421,2018,6
"50CC","KYMCO",2104,0,1406,2018,6
"100CC","KYMCO",2439,2213,207,2018,6
"110CC","KYMCO",3877,3833,0,2018,6
"125CC","KYMCO",19391,14600,3027,2018,6
"150CC","KYMCO",2954,2446,105,2018,6
"250CC","KYMCO",1633,0,1110,2018,6
"90CC","KYMCO",0,0,0,2018,6
"50CC","PGO",544,0,377,2018,6
"100CC","PGO",0,0,0,2018,6
"110CC","PGO",661,647,0,2018,6
"125CC","PGO",2201,2216,144,2018,6
"150CC","PGO",452,290,100,2018,6
"50CC","SYM",7200,0,7200,2018,5
"90CC","SYM",0,0,0,2018,5
"100CC","SYM",4658,4205,0,2018,5
"110CC","SYM",1851,1128,1195,2018,5
"125CC","SYM",11308,9054,1631,2018,5
"150CC","SYM",253,389,0,2018,5
"250CC","SYM",471,14,562,2018,5
"50CC","SUZUKI",120,0,60,2018,5
"100CC","SUZUKI",0,0,0,2018,5
"125CC","SUZUKI",1358,814,217,2018,5
"90CC","SUZUKI",150,0,0,2018,5
"250CC","SUZUKI",0,0,0,2018,5
"50CC","YAMAHA",606,0,568,2018,5
"100CC","YAMAHA",0,0,0,2018,5
"125CC","YAMAHA",12780,11200,1543,2018,5
"150CC","YAMAHA",4804,4400,404,2018,5
"50CC","KYMCO",2294,0,2282,2018,5
"100CC","KYMCO",2545,2330,461,2018,5
"110CC","KYMCO",3540,3535,12,2018,5
"125CC","KYMCO",20109,15230,8836,2018,5
"150CC","KYMCO",3727,2345,2211,2018,5
"250CC","KYMCO",1108,0,1070,2018,5
"90CC","KYMCO",0,0,0,2018,5
"50CC","PGO",458,0,458,2018,5
"100CC","PGO",0,0,0,2018,5
"110CC","PGO",830,704,10,2018,5
"125CC","PGO",2947,2460,47,2018,5
"150CC","PGO",300,256,50,2018,5
"50CC","SYM",0,0,0,2018,4
"90CC","SYM",0,0,0,2018,4
"100CC","SYM",3001,4101,0,2018,4
"110CC","SYM",1816,1343,181,2018,4
"125CC","SYM",8887,7543,1057,2018,4
"150CC","SYM",541,419,36,2018,4
"250CC","SYM",280,16,174,2018,4
"50CC","SUZUKI",0,0,61,2018,4
"100CC","SUZUKI",0,0,0,2018,4
"125CC","SUZUKI",665,75,0,2018,4
"90CC","SUZUKI",0,0,61,2018,4
"250CC","SUZUKI",0,0,0,2018,4
"50CC","YAMAHA",872,0,872,2018,4
"100CC","YAMAHA",0,0,0,2018,4
"125CC","YAMAHA",11938,10014,1921,2018,4
"150CC","YAMAHA",3800,3202,598,2018,4
"50CC","KYMCO",3420,0,3759,2018,4
"100CC","KYMCO",3265,3288,236,2018,4
"110CC","KYMCO",2500,2461,0,2018,4
"125CC","KYMCO",22153,15070,3740,2018,4
"150CC","KYMCO",4233,1881,1819,2018,4
"250CC","KYMCO",655,2,76,2018,4
"90CC","KYMCO",228,0,0,2018,4
"50CC","PGO",766,0,888,2018,4
"100CC","PGO",0,0,0,2018,4
"110CC","PGO",668,703,6,2018,4
"125CC","PGO",1972,1985,125,2018,4
"150CC","PGO",269,213,57,2018,4
"50CC","SYM",0,0,0,2018,3
"90CC","SYM",0,0,0,2018,3
"100CC","SYM",4100,3194,0,2018,3
"110CC","SYM",1517,1653,136,2018,3
"125CC","SYM",15139,12536,1123,2018,3
"150CC","SYM",93,0,18,2018,3
"250CC","SYM",200,0,199,2018,3
"50CC","SUZUKI",60,0,1,2018,3
"100CC","SUZUKI",0,0,0,2018,3
"125CC","SUZUKI",278,512,4,2018,3
"90CC","SUZUKI",60,0,1,2018,3
"250CC","SUZUKI",0,0,0,2018,3
"50CC","YAMAHA",2548,0,2548,2018,3
"100CC","YAMAHA",0,0,0,2018,3
"125CC","YAMAHA",13751,11705,2046,2018,3
"150CC","YAMAHA",5992,5100,1066,2018,3
"50CC","KYMCO",1769,0,2063,2018,3
"100CC","KYMCO",6384,6251,522,2018,3
"110CC","KYMCO",3005,3178,54,2018,3
"125CC","KYMCO",28160,23516,6999,2018,3
"150CC","KYMCO",4957,2176,3256,2018,3
"250CC","KYMCO",124,0,84,2018,3
"90CC","KYMCO",0,0,0,2018,3
"50CC","PGO",642,0,531,2018,3
"100CC","PGO",0,0,0,2018,3
"110CC","PGO",875,941,12,2018,3
"125CC","PGO",2979,2599,138,2018,3
"150CC","PGO",246,261,0,2018,3
"50CC","SYM",0,0,0,2018,2
"90CC","SYM",0,0,0,2018,2
"100CC","SYM",5000,4611,0,2018,2
"110CC","SYM",1434,1221,209,2018,2
"125CC","SYM",7475,7066,677,2018,2
"150CC","SYM",4,0,0,2018,2
"250CC","SYM",326,0,326,2018,2
"50CC","SUZUKI",0,0,0,2018,2
"100CC","SUZUKI",0,0,0,2018,2
"125CC","SUZUKI",0,0,0,2018,2
"90CC","SUZUKI",0,0,0,2018,2
"250CC","SUZUKI",0,0,0,2018,2
"50CC","YAMAHA",5742,0,5742,2018,2
"100CC","YAMAHA",0,0,0,2018,2
"125CC","YAMAHA",8761,6601,2160,2018,2
"150CC","YAMAHA",1710,1100,436,2018,2
"50CC","KYMCO",672,0,9,2018,2
"100CC","KYMCO",4796,4218,167,2018,2
"110CC","KYMCO",2774,2591,0,2018,2
"125CC","KYMCO",17748,13414,1834,2018,2
"150CC","KYMCO",2428,1341,1423,2018,2
"250CC","KYMCO",42,0,71,2018,2
"90CC","KYMCO",0,3,0,2018,2
"50CC","PGO",558,0,558,2018,2
"100CC","PGO",0,0,0,2018,2
"110CC","PGO",682,861,23,2018,2
"125CC","PGO",1754,1807,107,2018,2
"150CC","PGO",262,189,50,2018,2
"50CC","SYM",0,0,0,2018,1
"90CC","SYM",0,0,0,2018,1
"100CC","SYM",7000,6985,0,2018,1
"110CC","SYM",3312,3031,63,2018,1
"125CC","SYM",9498,9404,196,2018,1
"150CC","SYM",2,0,0,2018,1
"250CC","SYM",290,0,292,2018,1
"50CC","SUZUKI",NA,NA,NA,2018,1
"100CC","SUZUKI",NA,NA,NA,2018,1
"125CC","SUZUKI",NA,NA,NA,2018,1
"90CC","SUZUKI",NA,NA,NA,2018,1
"250CC","SUZUKI",NA,NA,NA,2018,1
"50CC","YAMAHA",6198,0,6198,2018,1
"100CC","YAMAHA",0,0,0,2018,1
"125CC","YAMAHA",10354,8200,2157,2018,1
"150CC","YAMAHA",3882,2400,1493,2018,1
"50CC","KYMCO",685,0,685,2018,1
"100CC","KYMCO",7331,6889,20,2018,1
"110CC","KYMCO",4700,4479,0,2018,1
"125CC","KYMCO",26442,21173,3736,2018,1
"150CC","KYMCO",5440,3043,1288,2018,1
"250CC","KYMCO",83,0,52,2018,1
"90CC","KYMCO",0,0,0,2018,1
"50CC","PGO",616,0,836,2018,1
"100CC","PGO",0,0,0,2018,1
"110CC","PGO",1354,1032,8,2018,1
"125CC","PGO",2065,1970,163,2018,1
"150CC","PGO",185,206,6,2018,1
"50CC","SYM",1080,0,1080,2017,12
"90CC","SYM",0,0,0,2017,12
"100CC","SYM",5096,5096,0,2017,12
"110CC","SYM",765,492,67,2017,12
"125CC","SYM",8785,7929,1080,2017,12
"150CC","SYM",1325,2123,6,2017,12
"250CC","SYM",85,17,88,2017,12
"50CC","SUZUKI",105,0,15,2017,12
"100CC","SUZUKI",0,0,0,2017,12
"125CC","SUZUKI",939,2269,120,2017,12
"90CC","SUZUKI",150,0,92,2017,12
"250CC","SUZUKI",0,0,0,2017,12
"50CC","YAMAHA",4094,0,4094,2017,12
"100CC","YAMAHA",0,0,0,2017,12
"125CC","YAMAHA",10792,8100,2689,2017,12
"150CC","YAMAHA",2706,2500,195,2017,12
"50CC","KYMCO",1563,500,1517,2017,12
"100CC","KYMCO",4248,4215,284,2017,12
"110CC","KYMCO",2743,2990,0,2017,12
"125CC","KYMCO",18020,16666,2566,2017,12
"150CC","KYMCO",3692,3017,876,2017,12
"250CC","KYMCO",102,0,100,2017,12
"90CC","KYMCO",0,0,0,2017,12
"50CC","PGO",828,1,653,2017,12
"100CC","PGO",0,0,0,2017,12
"110CC","PGO",1269,1289,2,2017,12
"125CC","PGO",2187,2349,12,2017,12
"150CC","PGO",110,105,60,2017,12
"50CC","SYM",1080,0,1080,2017,11
"90CC","SYM",0,0,0,2017,11
"100CC","SYM",5032,5076,52,2017,11
"110CC","SYM",721,662,77,2017,11
"125CC","SYM",11483,11159,799,2017,11
"150CC","SYM",1039,422,0,2017,11
"250CC","SYM",136,12,136,2017,11
"50CC","SUZUKI",0,0,192,2017,11
"100CC","SUZUKI",0,0,0,2017,11
"125CC","SUZUKI",1627,705,96,2017,11
"90CC","SUZUKI",0,0,226,2017,11
"250CC","SUZUKI",0,0,0,2017,11
"50CC","YAMAHA",3447,500,2965,2017,11
"100CC","YAMAHA",0,0,0,2017,11
"125CC","YAMAHA",14546,12711,1846,2017,11
"150CC","YAMAHA",3801,3505,296,2017,11
"50CC","KYMCO",1343,331,1041,2017,11
"100CC","KYMCO",4398,4291,216,2017,11
"110CC","KYMCO",4935,4985,0,2017,11
"125CC","KYMCO",25201,24565,873,2017,11
"150CC","KYMCO",2904,2428,301,2017,11
"250CC","KYMCO",408,0,678,2017,11
"90CC","KYMCO",0,0,0,2017,11
"50CC","PGO",252,0,759,2017,11
"100CC","PGO",0,0,0,2017,11
"110CC","PGO",1336,1270,7,2017,11
"125CC","PGO",2945,2415,31,2017,11
"150CC","PGO",290,116,102,2017,11
"50CC","SYM",1112,0,1112,2017,10
"90CC","SYM",0,0,0,2017,10
"100CC","SYM",4659,4643,104,2017,10
"110CC","SYM",865,989,6,2017,10
"125CC","SYM",11046,10111,975,2017,10
"150CC","SYM",384,659,22,2017,10
"250CC","SYM",230,11,223,2017,10
"50CC","SUZUKI",38,0,274,2017,10
"100CC","SUZUKI",0,0,0,2017,10
"125CC","SUZUKI",1140,839,48,2017,10
"90CC","SUZUKI",0,0,414,2017,10
"250CC","SUZUKI",0,0,0,2017,10
"50CC","YAMAHA",4543,1600,2925,2017,10
"100CC","YAMAHA",0,0,0,2017,10
"125CC","YAMAHA",16350,15000,1350,2017,10
"150CC","YAMAHA",4572,4400,172,2017,10
"50CC","KYMCO",1328,155,2109,2017,10
"100CC","KYMCO",5223,5047,542,2017,10
"110CC","KYMCO",4680,4694,0,2017,10
"125CC","KYMCO",22151,19539,3135,2017,10
"150CC","KYMCO",2581,2059,1070,2017,10
"250CC","KYMCO",1137,0,1071,2017,10
"90CC","KYMCO",0,0,0,2017,10
"50CC","PGO",2215,0,1758,2017,10
"100CC","PGO",0,0,0,2017,10
"110CC","PGO",618,796,8,2017,10
"125CC","PGO",1348,2044,28,2017,10
"150CC","PGO",443,262,209,2017,10
"50CC","SYM",3240,0,3240,2017,9
"90CC","SYM",0,0,0,2017,9
"100CC","SYM",5596,5581,52,2017,9
"110CC","SYM",1267,887,520,2017,9
"125CC","SYM",11253,11174,868,2017,9
"150CC","SYM",548,676,16,2017,9
"250CC","SYM",176,10,167,2017,9
"50CC","SUZUKI",369,0,573,2017,9
"100CC","SUZUKI",0,0,0,2017,9
"125CC","SUZUKI",920,970,24,2017,9
"90CC","SUZUKI",466,0,215,2017,9
"250CC","SUZUKI",0,0,0,2017,9
"50CC","YAMAHA",4976,500,4476,2017,9
"100CC","YAMAHA",546,500,46,2017,9
"125CC","YAMAHA",18466,17100,1372,2017,9
"150CC","YAMAHA",5328,5100,228,2017,9
"50CC","KYMCO",2902,226,1654,2017,9
"100CC","KYMCO",7279,6837,170,2017,9
"110CC","KYMCO",5840,5773,0,2017,9
"125CC","KYMCO",23899,20619,3305,2017,9
"150CC","KYMCO",2913,2185,752,2017,9
"250CC","KYMCO",1120,0,1372,2017,9
"90CC","KYMCO",0,1,0,2017,9
"50CC","PGO",1390,0,1392,2017,9
"100CC","PGO",0,0,0,2017,9
"110CC","PGO",771,982,0,2017,9
"125CC","PGO",3231,2944,25,2017,9
"150CC","PGO",310,363,64,2017,9
"50CC","SYM",1489,0,1489,2017,8
"90CC","SYM",0,0,0,2017,8
"100CC","SYM",5996,5990,0,2017,8
"110CC","SYM",1153,1310,105,2017,8
"125CC","SYM",10598,10179,917,2017,8
"150CC","SYM",798,808,36,2017,8
"250CC","SYM",104,13,104,2017,8
"50CC","SUZUKI",554,0,671,2017,8
"100CC","SUZUKI",0,0,0,2017,8
"125CC","SUZUKI",1742,748,976,2017,8
"90CC","SUZUKI",0,0,512,2017,8
"250CC","SUZUKI",0,0,0,2017,8
"50CC","YAMAHA",6808,300,6508,2017,8
"100CC","YAMAHA",26,0,26,2017,8
"125CC","YAMAHA",16240,14304,1930,2017,8
"150CC","YAMAHA",3950,3300,650,2017,8
"50CC","KYMCO",1670,70,1736,2017,8
"100CC","KYMCO",9654,9028,210,2017,8
"110CC","KYMCO",6279,6142,0,2017,8
"125CC","KYMCO",21166,16787,5498,2017,8
"150CC","KYMCO",4297,2466,2862,2017,8
"250CC","KYMCO",1380,0,1332,2017,8
"90CC","KYMCO",0,0,0,2017,8
"50CC","PGO",1580,0,1606,2017,8
"100CC","PGO",0,0,0,2017,8
"110CC","PGO",1129,1183,6,2017,8
"125CC","PGO",2390,2403,1,2017,8
"150CC","PGO",925,615,163,2017,8
"50CC","SYM",2708,0,2708,2017,7
"90CC","SYM",0,0,0,2017,7
"100CC","SYM",6000,5784,0,2017,7
"110CC","SYM",1872,1955,166,2017,7
"125CC","SYM",9911,9107,1925,2017,7
"150CC","SYM",1327,866,15,2017,7
"250CC","SYM",468,13,469,2017,7
"50CC","SUZUKI",406,0,153,2017,7
"100CC","SUZUKI",0,0,0,2017,7
"125CC","SUZUKI",1098,697,900,2017,7
"90CC","SUZUKI",352,0,120,2017,7
"250CC","SUZUKI",0,0,0,2017,7
"50CC","YAMAHA",5878,200,5678,2017,7
"100CC","YAMAHA",530,500,30,2017,7
"125CC","YAMAHA",14750,13000,1750,2017,7
"150CC","YAMAHA",3410,3100,310,2017,7
"50CC","KYMCO",2571,101,2120,2017,7
"100CC","KYMCO",8737,8842,240,2017,7
"110CC","KYMCO",5498,5546,0,2017,7
"125CC","KYMCO",18544,15250,3570,2017,7
"150CC","KYMCO",5936,3928,1748,2017,7
"250CC","KYMCO",814,0,616,2017,7
"90CC","KYMCO",0,0,0,2017,7
"50CC","PGO",291,0,309,2017,7
"100CC","PGO",0,0,0,2017,7
"110CC","PGO",1414,1119,3,2017,7
"125CC","PGO",2989,2811,4,2017,7
"150CC","PGO",742,569,156,2017,7
